type,name,notice,furigana
可燃ごみ,アイスの容器(紙製),中を空にし、洗う。,あ
プラ容器,アイスの容器(プラスチック製),,あ
不燃ごみ,アイスノン,先の部分を紙などに包み「危険」と書く。,あ
不燃ごみ,アイスピック,,あ
不燃ごみ,アイロン,,あ
不燃ごみ・粗大ごみ,アイロン台,,あ
可燃ごみ,アカすり(天然素材製),,あ
不燃ごみ,アカすり(天然素材製以外),,あ
あき缶・プラ容器,あき缶,中を空にし、洗う。,あ
あきビン・ペットボトル,あきビン(飲食物),キャップを取る。中を洗う。３色に分ける。,あ
不燃ごみ,あきビン(飲食物以外),資源物には出さない。,あ
不燃ごみ・粗大ごみ,アコーディオンカーテン,,あ
不燃ごみ・粗大ごみ,アコーディオン(楽器),,あ
可燃ごみ,足ふきマット(天然素材製),,あ
不燃ごみ,足ふきマット(天然素材製以外),,あ
不燃ごみ,アダプター,市によって出し方が異なる場合があります。詳細は、市にお問い合わせください。,あ
紙・布類,厚紙,詳細は「古紙」をご覧ください。,あ
あき缶・プラ容器,圧力鍋,,あ
可燃ごみ,油紙,,あ
あき缶・プラ容器,油こしの容器(金属),,あ
不燃ごみ,油さし,中身は取り除く。,あ
不燃ごみ,油粘土(学校教材用),,あ
あきビン・ペットボトル,油ビン(食用油),キャップを取る。中を洗う。３色に分ける。,あ
不燃ごみ,油ビン(食用油以外),中は空にする。,あ
不燃ごみ,雨がっぱ,,あ
不燃ごみ・粗大ごみ,雨戸,,あ
不燃ごみ,網,30cm四方に切る。,あ
不燃ごみ・粗大ごみ,編み機,,あ
不燃ごみ・粗大ごみ,網戸,,あ
可燃ごみ,編み針(天然素材製),,あ
不燃ごみ,編み針(天然素材製以外),,あ
あき缶・プラ容器,飴の缶,,あ
可燃ごみ,飴の個包装(紙製),,あ
プラ容器,飴の個包装(プラスチック製),,あ
可燃ごみ,飴の外袋(紙製),,あ
プラ容器,飴の外袋(プラスチック製),,あ
可燃ごみ,アルバム,ビニール製は不燃ごみへ。,あ
あき缶・プラ容器,アルミ缶,中を空にし、洗う。,あ
プラ容器,アルミコーティング袋(菓子),,あ
不燃ごみ,アルミホイル(クッキングホイル),,あ
紙・布類,アルミホイルの芯,詳細は「古紙」をご覧ください。,あ
不燃ごみ,泡たて器,,あ
不燃ごみ,安全ピン,,あ
不燃ごみ・粗大ごみ,アンテナ(テレビ用),市によって出し方が異なる場合があります。詳細は、市にお問い合わせください。,あ
不燃ごみ,アンテナケーブル,30cm以内に切る。,あ
不燃ごみ・粗大ごみ,アンプ,,あ
収集できません,石・岩,,い
不燃ごみ・粗大ごみ,衣装ケース,,い
不燃ごみ・粗大ごみ,いす,,い
不燃ごみ・粗大ごみ,板,市によって出し方が異なる場合があります。詳細は、市にお問い合わせください。,い
不燃ごみ,板ガラス,指定袋に入らない物は粗大ごみへ。,い
プラ容器,イチゴのパック,,い
不燃ごみ・粗大ごみ,一輪車,,い
あきビン・ペットボトル,一升瓶,キャップを取る。中を洗う。３色に分ける。(なるべく購入店へ返却してください。),い
あき缶・プラ容器,一斗缶,中を空にし、洗う。,い
可燃ごみ,糸,,い
不燃ごみ・粗大ごみ,井戸ポンプ(手動式),,い
不燃ごみ・粗大ごみ,井戸ポンプ(電動式),,い
不燃ごみ・粗大ごみ,犬小屋,,い
不燃ごみ・粗大ごみ,鋳物鍋,指定袋に入る物はあき缶へ。,い
不燃ごみ,イヤホン,,い
収集できません,医療廃棄物,鋭利な物、または感染性あるもの。,い
紙・布類,衣類,市によっては出し方が違います。詳細は、「古布」をご覧ください。,い
収集できません,衣類乾燥機,詳細は、「収集できないごみ」をご覧ください。,い
不燃ごみ,入れ歯,市によっては、別に回収していますので、詳細は、市にお問い合わせください。,い
可燃ごみ,色鉛筆,,い
可燃ごみ,色鉛筆のケース(紙製),汚れていない物は雑誌・雑がみへ。,い
あき缶・プラ容器,色鉛筆のケース(金属製),,い
可燃ごみ,印鑑（木製）,,い
不燃ごみ,印鑑（木製以外）,,い
プラ容器,インクカートリッジ(プリンター),なるべく市の指定場所へ出してください。,い
不燃ごみ,インクリボン(ワープロ）,,い
プラ容器,インクリボンの中袋,,い
プラ容器,インスタントラーメンのかやく袋,中を空にし、洗う。,い
プラ容器,インスタントラーメンの外袋,中を空にし、洗う。,い
プラ容器,インスタントラーメンのたれの袋,中を空にし、洗う。,い
不燃ごみ,インターホン,乾電池は有害ごみへ。,い
不燃ごみ・粗大ごみ,植木の枝(50cm以上),一週間以上乾燥させる。小枝を払う。ひもで束にする。(袋不要),う
可燃ごみ,植木の枝(50cm未満),一週間以上乾燥させる。ひもで束にする。(袋不要),う
可燃ごみ,植木の葉,一週間以上乾燥させる。,う
不燃ごみ,植木鉢,指定袋に入らない物は粗大ごみへ。,う
プラ容器,植木ポット(軟質プラ製),土は取り除く。,う
不燃ごみ,ウエットスーツ,30cm四方に切る。,う
可燃ごみ,ウエットティッシュ,,う
不燃ごみ,浮き輪,,う
不燃ごみ・粗大ごみ,臼(木製),石臼は収集できません。,う
不燃ごみ,腕時計,,う
不燃ごみ・粗大ごみ,乳母車,,う
収集できません,エアコン,詳細は、「収集できないごみ」をご覧ください。,え
プラ容器,エアゾール缶のキャップ,,え
プラ容器,エアゾール製品等の包装フィルム,,え
不燃ごみ・粗大ごみ,映写機,,え
収集できません,液晶テレビ,詳細は、「収集できないごみ」をご覧ください。,え
プラ容器,液体洗剤の容器,中を空にし、洗う。,え
不燃ごみ・粗大ごみ,枝切りバサミ,先の部分を紙などで包み「危険」と書く。,え
不燃ごみ,絵の具チューブ(金属製),中は空にする。,え
プラ容器,絵の具チューブ(プラスチック製),中は空にする。,え
紙・布類,エプロン,市によって出し方が異なります。詳細は「古布」をご覧ください。,え
紙・布類,絵本,詳細は「古紙」をご覧ください。,え
不燃ごみ,LED電球,,え
不燃ごみ・粗大ごみ,エレクトーン,,え
不燃ごみ,延長コード,30cm以内に切る。,え
不燃ごみ・粗大ごみ,煙突(金属製),レンガ等建築廃材は収集できません。,え
可燃ごみ,鉛筆,,え
不燃ごみ,鉛筆削り器,,え
収集できません,オイル(鉱物系・合成オイル),,お
可燃ごみ,オイル（植物・動物系食用),紙や布などに吸着させる。,お
収集できません,オイル吸着剤(自動車用),,お
不燃ごみ・粗大ごみ,オイルヒーター,,お
あき缶・プラ容器,王冠(金属製),,お
収集できません,オートバイ,詳細は、「収集できないごみ」をご覧ください。,お
不燃ごみ,オーブントースター,指定袋に入らない物は粗大ごみへ。,お
不燃ごみ,押しピン(画びょう),安全のため、箱に入れて出す。,お
不燃ごみ,お玉(しゃくし)(金属・プラスチック製),,お
可燃ごみ,お玉(しゃくし)(木製),,お
可燃ごみ,落ち葉,一週間以上乾燥させる。,お
プラ容器,お茶の袋(真空パック等),中は空にする。,お
プラ容器,お手ふきの袋,,お
プラ容器,おにぎりの外装フィルム,,お
不燃ごみ・粗大ごみ,おまる,汚物は取り除く。,お
可燃ごみ,おむつ,汚物は取り除く。,お
可燃ごみ,おむつカバー,,お
不燃ごみ,おもちゃ（金属・プラスチック製）,指定袋に入らない物は粗大ごみへ。,お
可燃ごみ,おもちゃ（木製）,指定袋に入らない物は粗大ごみへ。,お
不燃ごみ,折りたたみ傘,,お
不燃ごみ・粗大ごみ,オルガン,,お
不燃ごみ,おろしがね,,お
有害ごみ,温度計（水銀使用）,水銀使用以外は不燃ごみへ。詳細は「有害ごみ」をご覧ください。,お
不燃ごみ・粗大ごみ,温風ヒーター,灯油は抜く。,お
不燃ごみ,カーコンボ,,か
プラ容器,カーシャンプーの容器,中を空にし、洗う。,か
可燃ごみ,ガーゼ,,か
不燃ごみ,カーテン,指定袋に入らない物は粗大ごみへ。,か
不燃ごみ・粗大ごみ,カーテンレール,,か
不燃ごみ・粗大ごみ,カート,,か
可燃ごみ,カード（紙製）,,か
不燃ごみ,カード（紙製以外）,,か
不燃ごみ,カーナビ,市によって出し方が異なる場合があります。詳細は、市にお問い合わせください。,か
収集できません,カーバッテリー,ガソリンスタンド・自動車整備場等で処分してください。,か
不燃ごみ,カーブミラー,指定袋に入らない物は粗大ごみへ。,か
あき缶・プラ容器,カーペイントの容器（金属製）,中は空にする。,か
不燃ごみ,カーペイントの容器（金属製以外）,中は空にする。,か
不燃ごみ・粗大ごみ,カーペット,しばって出す。,か
不燃ごみ,カーペットローラー,指定袋に入らない物は粗大ごみへ。,か
可燃ごみ,カーボン紙・ノーカーボン紙,特殊加工紙のためリサイクルできません。,か
不燃ごみ,カーラー,,か
可燃ごみ,貝殻,,か
不燃ごみ,懐中電灯,乾電池は有害ごみへ。,か
不燃ごみ・粗大ごみ,かいまき,,か
不燃ごみ,カイロ,,か
プラ容器,カイロの外袋,,か
不燃ごみ,鏡,割れた物は、紙などで包み「危険」と書く。指定袋に入らない物は粗大ごみへ。,か
不燃ごみ・粗大ごみ,家具,,か
不燃ごみ・粗大ごみ,学習机,,か
不燃ごみ,拡声器,指定袋に入らない物は粗大ごみへ。,か
不燃ごみ,額縁（金属・プラスチック製）,指定袋に入らない物は粗大ごみへ。,か
可燃ごみ,額縁（木製）,指定袋に入らない物は粗大ごみへ。ガラスやプラスチックカバーは不燃ごみへ。,か
可燃ごみ,掛け軸（天然素材製）,,か
不燃ごみ,掛け軸（天然素材製以外）,,か
不燃ごみ・粗大ごみ,カケヤ（大型の木づち）,,か
あき缶・プラ容器,加工用金属板,指定袋に入らない物は粗大ごみへ。,か
可燃ごみ,かご（紙・竹・木製）,指定袋に入らない物は粗大ごみへ。,か
不燃ごみ,かご（金属・プラスチック製）,指定袋に入らない物は粗大ごみへ。,か
不燃ごみ,傘,,か
不燃ごみ・粗大ごみ,傘立て,,か
あき缶・プラ容器,菓子缶（金属製）,中は空にする。指定袋に入らない物は粗大ごみへ。,か
紙・布類,菓子箱（紙製）,中は空にする。汚れている物は、可燃ごみへ。,か
プラ容器,菓子箱（プラスチック製）,中を空にし、洗う。,か
不燃ごみ,加湿器,指定袋に入らない物は粗大ごみへ。,か
あきビン・ペットボトル,果実酒作成用ビン,キャップを取る。中を洗う。３色に分ける。,か
不燃ごみ,果実酒作成用（ビン以外）,指定袋に入らない物は粗大ごみへ。,か
プラ容器,菓子袋（プラスチック製）,中は空にする。,か
あき缶・プラ容器,ガスカートリッジ（ガスボンベ）,中は空にする。缶に穴を開ける。,か
不燃ごみ・粗大ごみ,ガステーブル（ガスレンジ）,乾電池は有害ごみへ。,か
収集できません,ガスボンベ（プロパン用）,購入店へご相談ください。,か
不燃ごみ,カセットコンロ（卓上用）,指定袋に入らない物は粗大ごみへ。ボンベは取り外す。,か
プラ容器,カセット式ガスボンベのキャップ,,か
不燃ごみ,カセッテテープ,,か
不燃ごみ,カセットデッキ,指定袋に入らない物は粗大ごみへ。,か
あきビン・ペットボトル,ガソリン携帯缶,指定袋に入らない物は粗大ごみへ。中は空にする。,か
可燃ごみ,型紙,指定袋に入らない物は粗大ごみへ。,か
あき缶・プラ容器,片手鍋,,か
紙・布類,カタログ,詳細は「古紙」をご覧ください。,か
不燃ごみ,カチューシャ,,か
不燃ごみ,カッターの刃,紙等で包み「危険」と書く。,か
可燃ごみ,カット綿,,か
不燃ごみ,カッパ,,か
不燃ごみ,カップ（ガラス・陶磁器・プラスチック製）,あきビンには出さない。,か
あき缶・プラ容器,カップ（金属製）,,か
プラ容器,カップ焼きそばのふた（プラスチック製）,洗う。,か
可燃ごみ,カップ焼きそばのふた（プラスチック製以外）,,か
プラ容器,カップ焼きそばの容器,中を空にし、洗う。,か
プラ容器,カップラーメンの外装用フィルム,,か
プラ容器,カップラーメンのかやくの袋,中を空にし、洗う。,か
プラ容器,カップラーメンのつゆの袋,中を空にし、洗う。,か
プラ容器,カップラーメンのふた（プラスチック製）,,か
可燃ごみ,カップラーメンのふた（プラスチック製以外）,,か
プラ容器,カップラーメンの容器（プラスチック製）,中を空にし、洗う。,か
可燃ごみ,カップラーメンの容器（プラスチック製以外）,,か
紙・布類,割烹着,汚れた物は可燃ごみへ。市によって出し方が違います。詳細は「古布」をご覧ください。,か
不燃ごみ,かつら,,か
収集できません,家電品（指定4品目及びパソコン）,テレビ・エアコン冷蔵庫・冷凍庫・洗濯機・衣類乾燥機・パソコンは、「収集できないごみ」のページをご覧ください。,か
不燃ごみ,家電品（指定4品目及びパソコン以外）,指定袋に入らない物は粗大ごみへ。（買い替えのときは電気店に引き取ってもらってください。）,か
可燃ごみ,蚊取り線香,,か
紙・布類,蚊取り線香の容器（紙製）,,か
あき缶・プラ容器,蚊取り線香の容器（金属製）,,か
不燃ごみ,かなづち,,か
不燃ごみ,かばん,指定袋に入らない物は粗大ごみへ。,か
不燃ごみ・粗大ごみ,画板,,か
プラ容器,カビ取り剤の容器,中を空にし、洗う。,か
不燃ごみ,画鋲（がびょう）,箱に入れて出す。,か
不燃ごみ,花瓶,指定袋に入らない物は粗大ごみへ。,か
不燃ごみ,壁紙（塩ビ製）,細かく切断して出す。,か
可燃ごみ,壁紙（紙製）,,か
あき缶・プラ容器,釜,指定袋に入らない物は粗大ごみへ。,か
不燃ごみ,鎌,先の部分を紙などで包み「危険」と書く。,か
可燃ごみ,紙おむつ,汚物は取り除く。,か
プラ容器,紙おむつの外袋,,か
可燃ごみ,紙くず,資源として再生できないもの。,か
可燃ごみ,紙コップ,,か
プラ容器,紙コップの入った袋,,か
可燃ごみ,紙皿,,か
不燃ごみ,カミソリの刃,紙などで包み「危険」と書く。,か
可燃ごみ,紙粘土（学校教材用）,,か
紙・布類,紙パック,内側にアルミ箔が張られている物は、可燃ごみへ。市によって出し方が違います。詳細は「古紙」をご覧ください。,か
可燃ごみ,紙ひも,,か
プラ容器,紙ひもの包装フィルム,,か
紙・布類,紙袋,詳細は「古紙」をご覧ください。,か
不燃ごみ,紙やすり,,か
可燃ごみ,ガムテープ,,か
不燃ごみ,カメラ,乾電池は有害ごみへ。バッテリーは購入店へ。デジタルカメラは、市によって出し方が異なる場合があります。詳細は市にお問い合わせください。,か
収集できません,火薬,,か
紙・布類,画用紙,詳細は「古紙」をご覧ください。,か
不燃ごみ・粗大ごみ,カラーボックス,,か
不燃ごみ・粗大ごみ,カラオケ演奏装置,,か
不燃ごみ,ガラス板,指定袋に入らない物は粗大ごみへ。,か
不燃ごみ,ガラスくず,紙などで包み「危険」と書く。,か
プラ容器,ガラスクリーナーのキャップ,,か
不燃ごみ,ガラス製食器類,割れた物は、紙等で包み「危険」と書く。あきビンには出さない。,か
あき缶・プラ容器,ガラス洗剤の容器（スプレー缶）,中は空にする。穴を開ける。,か
プラ容器,ガラス洗剤の容器（プラスチック製）,中を空にし、洗う。,か
不燃ごみ・粗大ごみ,ガラステーブル,,か
不燃ごみ・粗大ごみ,ガラス戸,,か
不燃ごみ・粗大ごみ,刈払い機（草刈機）,燃料を抜く。,か
プラ容器,カレールーなどの仕切りトレイ,,か
不燃ごみ,革製品（革靴・皮手袋等）,,か
収集できません,瓦（かわら）,,か
不燃ごみ・粗大ごみ,簡易式トイレ,汚物は取り除く。,か
不燃ごみ,換気扇,指定袋に入らない物は粗大ごみへ。,か
不燃ごみ,換気扇カバー,指定袋に入らない物は粗大ごみへ。,か
不燃ごみ,換気扇フィルター,指定袋に入らない物は粗大ごみへ。,か
不燃ごみ,缶切り,,か
プラ容器,緩衝材,粒状でバラバラになる物は不燃ごみへ。,か
不燃ごみ,乾燥剤,,か
あき缶・プラ容器,缶詰,中を空にし、洗う。,か
有害ごみ,乾電池,各市が指定する回収場所へ。,か
プラ容器,乾電池の包装フィルム,,か
不燃ごみ,カンナの刃,紙などで包み「危険」と書く。,か
可燃ごみ,感熱紙,特殊加工紙のためリサイクルできません。,か
不燃ごみ・粗大ごみ,キーボード,指定袋に入る物は不燃ごみへ。,き
不燃ごみ,キーホルダー,,き
可燃ごみ,木くず（廃材木以外）,長さ50cm、幅50cm、厚さ5cm以内。束ねて出す。,き
不燃ごみ・粗大ごみ,ギター,,き
可燃ごみ,木槌（きづち）,指定袋に入らない物は粗大ごみへ。,き
可燃ごみ,キッチンタオル（紙・布製）,,き
可燃ごみ,キッチンペーパー,,き
不燃ごみ・粗大ごみ,キッチンワゴン,,き
不燃ごみ・粗大ごみ,きね,,き
可燃ごみ,木箱,指定袋に入らない物は粗大ごみへ。,き
可燃ごみ,木べら,,き
紙・布類,着物,市によって出し方が違います。詳細は「古布」をご覧ください。,き
不燃ごみ・粗大ごみ,脚立,,き
不燃ごみ,キャッシュカード,切断して出す。,き
あき缶・プラ容器,キャップ（金属製）,,き
プラ容器,キャップ（プラスチック製）,,き
あき缶・プラ容器,きゅうす（金属製）,,き
不燃ごみ,きゅうす（陶磁器製・プラスチック製）,,き
不燃ごみ・粗大ごみ,給湯器,乾電池は有害ごみへ。,き
不燃ごみ,吸入器,指定袋に入らない物は粗大ごみへ。,き
紙・布類,牛乳パック,市によって出し方が違います。詳細は「古紙」をご覧ください。,き
不燃ごみ,吸盤（トイレ清掃用具）,指定袋に入らない物は粗大ごみへ。,き
不燃ごみ,給油ポンプ,指定袋に入らない物は粗大ごみへ。乾電池は有害ごみへ。,き
不燃ごみ・粗大ごみ,鏡台,,き
不燃ごみ,きり,先の部分を紙などで包み「危険」と書く。,き
不燃ごみ,霧吹き,,き
不燃ごみ,金魚鉢,指定袋に入らない物は粗大ごみへ。あきビンには出さない。,き
不燃ごみ,金庫,指定袋に入らない物は粗大ごみへ。耐火金庫は購入店へ。,き
不燃ごみ,巾着（革・ビニール製）,,き
可燃ごみ,巾着（布製）,,き
不燃ごみ,空気入れ,指定袋に入らない物は粗大ごみへ。,く
不燃ごみ・粗大ごみ,空気清浄器,指定袋に入る物は不燃ごみへ。,く
収集できません,クーラー（エアコン）,詳細は（収集できないごみ）のページをご覧ください。,く
不燃ごみ,クーラーボックス,指定袋に入らない物は粗大ごみへ。,く
不燃ごみ,くぎ,紙などで包み「危険」と書く。,く
可燃ごみ,草,一週間以上乾燥させる。,く
不燃ごみ,くさり,指定袋に入らない物は粗大ごみへ。,く
可燃ごみ,くし（串・櫛）（天然素材製）,,く
不燃ごみ,くし（串・櫛）（天然素材製以外のもの）,,く
不燃ごみ,クズ取りネット,,く
紙・布類,薬の袋（紙製）,汚れている物は可燃ごみへ。,く
プラ容器,薬の袋（プラスチック製）,,く
プラ容器,薬のプラスチック容器,中を空にし、洗う。,く
プラ容器,薬（錠剤・カプセル等）の包装シート,中を空にし、洗う。,く
あき缶・プラ容器,薬の容器のふた（金属製）,,く
プラ容器,薬の容器のふた（プラスチック製）,,く
不燃ごみ,果物ナイフ,刃の部分を紙等で包み「危険」と書く。,く
不燃ごみ,口紅の容器,,く
不燃ごみ,靴,,く
不燃ごみ,クッキングタイマー,ボタン電池は購入店へ。,く
不燃ごみ,クッキングヒーター,指定袋に入らない物は粗大ごみへ。,く
可燃ごみ,靴下,,く
プラ容器,靴下の外袋,,く
不燃ごみ,クッション,指定袋に入らない物は粗大ごみへ。,く
あき缶・プラ容器,靴墨・靴磨きクリーム等の容器（缶）,中は空にする。,く
不燃ごみ,靴墨・靴磨きクリーム等の容器（金属製チューブ）,中は空にする。,く
プラ容器,靴墨・靴磨きクリーム等の容器（プラスチック製）,中は空にする。,く
不燃ごみ,靴の中敷き,,く
不燃ごみ,靴べら,,く
不燃ごみ,首輪,,く
不燃ごみ,熊手（金属製・プラスチック製）,指定袋に入らない物は粗大ごみへ。,く
可燃ごみ,熊手（木製・竹製）,指定袋に入らない物は粗大ごみへ。,く
不燃ごみ,グラス,割れた物は、紙等で包み「危険」と書く。あきビンには出さない。,く
不燃ごみ,クラリネット,指定袋に入らない物は粗大ごみへ。,く
不燃ごみ,クリアファイル,,く
不燃ごみ,クリスマスツリー,紙・木製部分は可燃ごみへ。指定袋に入らない物は粗大ごみへ。,く
不燃ごみ,クリップ,,く
不燃ごみ・粗大ごみ,グリル,,く
不燃ごみ・粗大ごみ,車椅子,,く
不燃ごみ,クレジットカード,切断して出す。,く
不燃ごみ,クレヨン,,く
プラ容器,クレヨンケース（プラスチック製）,,く
プラ容器,クレンザーの容器,中は空にする。,く
不燃ごみ,グロー球,,く
不燃ごみ,グローブ,,く
不燃ごみ・粗大ごみ,鍬（くわ）,,く
可燃ごみ,軍手,,く
有害ごみ,蛍光管（割れてない物）,割れた蛍光管は不燃ごみへ。,け
プラ容器,蛍光管の外箱の上の包装フィルム,,け
不燃ごみ,蛍光ペン,,け
不燃ごみ,携帯音楽プレーヤー,市によって出し方が異なる場合があります。詳細は市にお問い合わせください。,け
不燃ごみ,携帯ゲーム機,市によって出し方が異なる場合があります。詳細は市にお問い合わせください。,け
不燃ごみ,携帯電話,市によって出し方が異なる場合があります。詳細は市にお問い合わせください。なるべく購入店に返却してください。バッテリーは購入店へ。,け
可燃ごみ,毛糸,,け
不燃ごみ,計量カップ・スプーン,,け
不燃ごみ,ケース類（革製・プラスチック製）,,け
不燃ごみ・粗大ごみ,ゲートボール用品,,け
不燃ごみ,ケーブル,30cm以内に切る。,け
不燃ごみ,ゲーム機,市によって出し方が異なる場合があります。詳細は市にお問い合わせください。,け
不燃ごみ,ゲームソフト,,け
収集できません,劇毒薬,,け
不燃ごみ,消しゴム,,け
プラ容器,消しゴムの包装フィルム,,け
不燃ごみ,化粧ビン,あきビンには出さない。中は空にする。,け
プラ容器,化粧ビンの中ふた,,け
プラ容器,化粧ビンのふた,,け
プラ容器,化粧品のボトル（プラスチック製）,中を空にし、洗う。,け
プラ容器,化粧品のボトルのふた,,け
あき缶・プラ容器,毛染め液の容器（スプレー缶）,中は空にする。穴を開ける。,け
プラ容器,毛染め液の容器（プラスチック製）,中を空にし、洗う。,け
可燃ごみ,下駄,,け
不燃ごみ・粗大ごみ,下駄箱,,け
プラ容器,ケチャップの外袋,,け
プラ容器,ケチャップのチューブ,中を空にし、洗う。,け
プラ容器,ケチャップのチューブのふた,,け
あき缶・プラ容器,ケチャップのビン,中を空にし、洗う。,け
不燃ごみ,血圧計,,け
あき缶・プラ容器,ケトル（やかん）,,け
不燃ごみ,毛抜き,,け
不燃ごみ・粗大ごみ,けん引ロープ（ワイヤー）,,け
可燃ごみ,玄関マット（天然素材製）,,け
不燃ごみ,玄関マット（天然素材製以外）,,け
不燃ごみ,健康器具,指定袋に入らない物は粗大ごみへ。,け
不燃ごみ,剣山,紙などで包み「危険」と書く。,け
不燃ごみ・粗大ごみ,剣道用具,,け
不燃ごみ,工具,,こ
不燃ごみ,工具箱,指定袋に入らない物は粗大ごみへ。,こ
紙・布類,広告類,詳細は「古紙」をご覧ください。折込チラシは市によって出し方が異なる場合があります。詳細は市にお問い合わせください。,こ
あき缶・プラ容器,紅茶の缶,中は空にし、洗う。,こ
プラ容器,紅茶の外箱の上の包装フィルム,,こ
可燃ごみ,紅茶（ティーバッグ型）の外パック（紙製）,,こ
プラ容器,紅茶（ティーバッグ型）の外パック（プラスチック製）,,こ
可燃ごみ,紅茶のティーバッグ,,こ
不燃ごみ,ゴーグル,,こ
紙・布類,コート,市によって出し方が違います。詳細は「古布」をご覧ください。,こ
不燃ごみ,コード,30cm以内に切る。,こ
不燃ごみ・粗大ごみ,コートかけ,,こ
不燃ごみ・粗大ごみ,コードリール,コードは30cm以内に切って不燃ごみへ。,こ
あき缶・プラ容器,コーヒー缶,中を空にし、洗う。,こ
あきビン・ペットボトル,コーヒーのビン,キャップを取る（中ブタの紙も全部はがす）。中を洗う。３色に分ける。,こ
プラ容器,コーヒーのビンのふた,,こ
不燃ごみ,コーヒーメーカー,指定袋に入らない物は粗大ごみへ。,こ
不燃ごみ,小型ラジオ,乾電池は有害ごみへ。,こ
不燃ごみ,黒板消し,,こ
不燃ごみ・粗大ごみ,ゴザ,しばって出す。,こ
不燃ごみ,こし器,,こ
不燃ごみ・粗大ごみ,こたつ,,こ
不燃ごみ・粗大ごみ,こたつ布団,しばって出す。,こ
あき缶・プラ容器,コップ（金属製）,,こ
不燃ごみ,コップ（プラスチック製）,,こ
不燃ごみ,コッヘル,,こ
不燃ごみ・粗大ごみ,琴,,こ
プラ容器,粉ミルクの袋,,こ
あき缶・プラ容器,粉ミルクの容器（金属製）,中身は取り除く。,こ
不燃ごみ,コネクタ,,こ
不燃ごみ,小鉢,,こ
紙・布類,コミック,詳細は「古布」をご覧ください。,こ
可燃ごみ,ごみ取りハンドモップ,モップ部分は可燃ごみへ。柄の部分は不燃ごみへ。,こ
不燃ごみ,ごみ箱,指定袋に入らない物は粗大ごみへ。,こ
不燃ごみ,ゴム製品（手袋・長靴）,,こ
可燃ごみ,米の入った外袋（紙製）,市によって異なる場合があります。詳細は、市にお問い合わせください。,こ
プラ容器,米の入った外袋（プラスチック製）,中は空にする。,こ
不燃ごみ・粗大ごみ,米びつ,,こ
可燃ごみ,コルク,,こ
不燃ごみ,コルク抜き,先の部分を紙などで包み「危険」と書く。,こ
可燃ごみ,コルクボード,指定袋に入らない物は粗大ごみへ。,こ
不燃ごみ・粗大ごみ,ゴルフクラブ,,こ
不燃ごみ・粗大ごみ,ゴルフバッグ,,こ
不燃ごみ,ゴルフボール,,こ
収集できません,コンクリート,,こ
不燃ごみ,コンセント,,こ
不燃ごみ・粗大ごみ,コンテナボックス,,こ
可燃ごみ,コンドーム,,こ
不燃ごみ,コンパス,先の部分を紙などで包み「危険」と書く。,こ
不燃ごみ・粗大ごみ,コンパネ（板）,指定袋に入る物は不燃ごみへ。,こ
不燃ごみ・粗大ごみ,コンポ,,こ
不燃ごみ・粗大ごみ,コンロ（ガスコンロ）,乾電池は有害ごみへ。,こ
不燃ごみ,コンロ下敷き（アルミ製）,指定袋に入らない物は粗大ごみへ。,こ
不燃ごみ・粗大ごみ,サーキュレーター,指定袋に入る物は不燃ごみへ。,さ
不燃ごみ・粗大ごみ,サーフボード,,さ
不燃ごみ・粗大ごみ,座いす,,さ
不燃ごみ・粗大ごみ,サイドボード,市によって出し方が異なる場合があります。詳細は、市にお問い合わせください。,さ
可燃ごみ,財布（布製）,,さ
不燃ごみ,財布（プラスチック製）,,さ
不燃ごみ・粗大ごみ,材木,3m以内にする。市によって出し方が異なる場合があります。詳細は、市にお問い合わせください。,さ
不燃ごみ・粗大ごみ,竿,,さ
可燃ごみ,作業服,,さ
可燃ごみ,酒の容器（紙パック）,紙パックには出さない。,さ
あき缶・プラ容器,酒の容器（金属製）,中を空にし、洗う。,さ
あきビン・ペットボトル,酒の容器（ビン）,キャップを取る。中を洗う。３色に分ける。一升瓶。リターナブルビンは購入店へ。,さ
あきビン・ペットボトル,酒の容器（ペットボトル）,キャップを取る。中を洗う。ラベルをはがす。つぶす。,さ
プラ容器,酒パックのキャップ,,さ
不燃ごみ・粗大ごみ,座卓,,さ
不燃ごみ・粗大ごみ,サックス,指定袋に入る物は不燃ごみへ。,さ
紙・布類,雑誌,詳細は「古布」をご覧ください。,さ
あき缶・プラ容器,殺虫剤スプレー缶,中は空にする。穴を開ける。,さ
可燃ごみ,座布団,指定袋に入らない物は粗大ごみへ。,さ
可燃ごみ,サポーター,,さ
可燃ごみ,皿（紙製）,,さ
あき缶・プラ容器,皿（金属製）,,さ
不燃ごみ,皿（陶磁器製・プラスチック製）,,さ
あき缶・プラ容器,サラダオイルの容器（金属製）,中は空にする。,さ
あきビン・ペットボトル,サラダオイルの容器（ビン）,キャップを取る。中を洗う。３色に分ける。,さ
プラ容器,サラダオイルの容器（プラスチック製）,中を空にし、洗う。,さ
可燃ごみ,ざる（竹製）,指定袋に入らない物は粗大ごみへ。,さ
不燃ごみ,ざる（プラスチック製・金属製）,指定袋に入らない物は粗大ごみへ。,さ
不燃ごみ,三角コーナー,,さ
不燃ごみ・粗大ごみ,三脚,指定袋に入る物は不燃ごみへ。,さ
不燃ごみ,サングラス,,さ
不燃ごみ,サンダー（電気式ヤスリ機）,指定袋に入らない物は粗大ごみへ。,さ
不燃ごみ,サンダル,,さ
不燃ごみ・粗大ごみ,サンドバッグ,中の砂は抜く。,さ
不燃ごみ・粗大ごみ,飼育カゴ,指定袋に入る物で天然素材製のものは可燃ごみへ。天然素材製以外のものは不燃ごみへ。,し
紙・布類,シーツ,市によって出し方が違います。詳細は「古布」をご覧ください。,し
不燃ごみ,CD,,し
不燃ごみ,CDプレーヤー,指定袋に入らない物は粗大ごみへ。,し
紙・布類,ジーンズ,市によって出し方が違います。詳細は「古布」をご覧ください。,し
不燃ごみ,シェーバー,乾電池は有害ごみへ。,し
不燃ごみ,磁器製品,,し
プラ容器,仕切りトレイ（プラスチック製）,,し
不燃ごみ,磁石,,し
紙・布類,下着,市によって出し方が違います。詳細は「古布」をご覧ください。,し
不燃ごみ・粗大ごみ,しちりん,灰は取り除く。,し
不燃ごみ,温度計,指定袋に入らない物は粗大ごみへ。,し
不燃ごみ,室内アンテナ,,し
不燃ごみ・粗大ごみ,室内物干し,指定袋に入る物は不燃ごみへ。,し
可燃ごみ,湿布,,し
プラ容器,湿布剤の表面に貼られた薄いフィルム,,し
紙・布類,辞典,詳細は「古紙」をご覧ください。,し
不燃ごみ・粗大ごみ,自転車,電動アシスト式のバッテリーは購入店へ。,し
不燃ごみ・粗大ごみ,竹刀,,し
不燃ごみ・粗大ごみ,芝刈り機,,し
不燃ごみ,芝刈り機の替え刃,紙等で包み「危険」と書く。,し
紙・布類,ジャージ,市によって出し方が違います。詳細は「古布」をご覧ください。,し
不燃ごみ,シャープペン,,し
不燃ごみ,蛇口,,し
可燃ごみ,尺八,,し
紙・布類,ジャケット,市によって出し方が違います。詳細は「古布」をご覧ください。,し
可燃ごみ,写真,,し
不燃ごみ,写真立て（プラスチック製）,木製の枠は可燃ごみへ。ガラスは不燃ごみへ。,し
不燃ごみ,写真のネガフィルム,,し
紙・布類,シャツ,市によって出し方が違います。詳細は「古布」をご覧ください。,し
不燃ごみ,ジャッキ,指定袋に入らない物は粗大ごみへ。,し
不燃ごみ,シャトルコック（バドミントンの羽根）（プラスチック製）,,し
可燃ごみ,シャトルコック（バドミントンの羽根）（プラス以外チック製）,,し
不燃ごみ・粗大ごみ,三味線,,し
あきビン・ペットボトル,ジャムのビン,キャップを取る。中を洗う。３色に分ける。,し
不燃ごみ,しゃもじ（プラスチック製）,,し
可燃ごみ,しゃもじ（木製）,,し
紙・布類,ジャンパー,市によって出し方が違います。詳細は「古布」をご覧ください。,し
プラ容器,シャンプー・リンスの容器,中を空にし、洗う。,し
プラ容器,シャンプー・リンス等のポンプ部分,洗う。,し
不燃ごみ,シャンプーハット,,し
あき缶・プラ容器,ジュースの缶,中を洗う。,し
あきビン・ペットボトル,ジュースのビン,キャップを取る。中を洗う。３色に分ける。,し
あき缶・プラ容器,ジュースのふた（金属製）,,し
プラ容器,ジュースのふた（プラスチック製）,,し
プラ容器,修正液の容器,中は空にする。,し
不燃ごみ・粗大ごみ,じゅうたん,しばって出す。,し
不燃ごみ,充電器,,し
可燃ごみ,柔道着,,し
プラ容器,柔軟剤の容器,中を空にし、洗う。,し
不燃ごみ,十能（ジュウノウ）,,し
可燃ごみ,収納箱（紙製）,指定袋に入らない物は粗大ごみへ。,し
不燃ごみ,収納箱（プラスチック製）,指定袋に入らない物は粗大ごみへ。,し
不燃ごみ,数珠（プラスチック製）,,し
可燃ごみ,数珠（木製）,,し
不燃ごみ,朱肉,,し
収集できません,消火器,購入店にご相談ください。,し
不燃ごみ,定規（金属製・プラスチック製）,,し
可燃ごみ,定規（竹製・木製）,,し
不燃ごみ,錠剤の入った透明ケース,,し
不燃ごみ・粗大ごみ,障子戸,,し
不燃ごみ,消臭剤（固体）,活性炭入りの物は可燃ごみへ。,し
あきビン・ペットボトル,消臭剤の容器（金属製）,中身は使い切る。スプレー缶は穴を開ける。,し
プラ容器,消臭剤の容器（プラスチック製）,中を空にし、洗う。,し
不燃ごみ,浄水器,乾電池は有害ごみへ。指定袋に入らない物は粗大ごみへ。,し
不燃ごみ,錠前,,し
不燃ごみ・粗大ごみ,照明器具,指定袋に入らない物は不燃ごみへ。蛍光灯は有害ごみへ。,し
不燃ごみ,じょうろ,指定袋に入らない物は粗大ごみへ。,し
あきビン・ペットボトル,しょうゆの容器（ビン）,キャップを取る。中を洗う。３色に分ける。,し
プラ容器,しょうゆの容器（袋・プラスチック製）,中を空にし、洗う。,し
あきビン・ペットボトル,しょうゆの容器（ペットボトル）,キャップを取る。中を洗う。ラベルをはがす。つぶす。,し
プラ容器,食品トレイ,中を空にし、洗う。,し
可燃ごみ,食用油,布や紙に染みこませるか、固形剤で固め紙に包んで出す。,し
あき缶・プラ容器,食用油のフタ（金属製）,,し
プラ容器,食用油のフタ（プラスチック製）,,し
あき缶・プラ容器,食用油の容器（金属製）,,し
あきビン・ペットボトル,食用油の容器（ビン）,キャップを取る。中を洗う。３色に分ける。,し
プラ容器,食用油の容器（プラスチック製）,中を空にし、洗う。,し
不燃ごみ,除光液の容器,中を空にする。,し
不燃ごみ・粗大ごみ,除湿器,指定袋に入る物は不燃ごみへ。,し
不燃ごみ,除湿剤,,し
プラ容器,除湿剤の容器,たまった水は捨てる。,し
可燃ごみ,女性用ナプキン類,,し
不燃ごみ,除草剤の容器,中は空にし、洗う。,し
不燃ごみ・粗大ごみ,書棚,,し
不燃ごみ・粗大ごみ,食器棚,,し
可燃ごみ,食器（紙製）,,し
不燃ごみ,食器（陶磁器製・プラスチック製）,割れた物は、紙等で包み「危険」と書く。,し
不燃ごみ・粗大ごみ,食器洗い乾燥機,,し
不燃ごみ,シリカゲル（乾燥剤）,,し
不燃ごみ・粗大ごみ,シンセサイザー,,し
不燃ごみ・粗大ごみ,シンバル,指定袋に入る物は不燃ごみへ。,し
紙・布類,新聞紙,詳細は「古紙」をご覧ください。,し
紙・布類,じんべい,市によって出し方が違います。詳細は「古布」をご覧ください。,し
有害ごみ,水温計（水銀使用）,市が指定する回収場所へ。,す
不燃ごみ,水温計（水銀使用以外）,ボタン電池は購入店へ。,す
不燃ごみ・粗大ごみ,水槽,指定袋に入る物は不燃ごみへ。,す
不燃ごみ,水筒,,す
不燃ごみ,炊飯器,指定袋に入らない物は粗大ごみへ。,す
不燃ごみ・粗大ごみ,スーツケース,,す
不燃ごみ,スキー・スノーボードウェア,,す
不燃ごみ・粗大ごみ,スキースノーボード用具,,す
収集できません,スクーター,詳しくは「収集できないごみ」をご覧ください。,す
不燃ごみ,すずり,,す
不燃ごみ・粗大ごみ,すだれ,しばって出す。,す
あき缶・プラ容器,スチール缶（飲料・食品用）,中を空にし、洗う。,す
不燃ごみ,ステーブラー,,す
不燃ごみ・粗大ごみ,ステレオ,,す
不燃ごみ・粗大ごみ,ストーブ,灯油を抜く。乾電池は有害ごみへ。指定袋に入る物は不燃ごみへ。,す
不燃ごみ,ストッキング,,す
プラ容器,ストッキングの外袋,,す
不燃ごみ,ストロー,,す
プラ容器,ストロー（スプーン）の袋,,す
収集できません,砂,,す
あき缶・プラ容器,スプレー缶,中は空にする。穴を開ける。キャップはプラ容器へ。,す
プラ容器,スプレー缶のキャップ,,す
不燃ごみ,スポンジ,,す
プラ容器,スポンジの外袋,,す
可燃ごみ,炭,,す
不燃ごみ,スリッパ,,す
不燃ごみ,すり鉢,,す
あき缶・プラ容器,整髪用品の容器（スプレー缶）,中は空にする。穴を開ける。,せ
不燃ごみ,整髪用品の容器（ビン）,中は空にする。,せ
プラ容器,整髪用品の容器（プラスチック製）,中は空にする。,せ
可燃ごみ,生理用品,,せ
プラ容器,生理用品の包装（外袋・個袋）,,せ
可燃ごみ,石鹸の個袋（紙製）,,せ
プラ容器,石鹸の個袋（プラスチック製）,,せ
不燃ごみ,接着剤のチューブ（金属製）,中は空にする。,せ
プラ容器,接着剤のチューブ（プラスチック製）,中は空にする。,せ
不燃ごみ,セトモノ,あきビンには出さない。割れた物は、紙などで包み「危険」と書く。,せ
収集できません,セメント,,せ
プラ容器,ゼリーの容器,中を空にし、洗う。,せ
不燃ごみ,セロハン紙,,せ
不燃ごみ,セロハンテープ,,せ
プラ容器,セロハンテープの個袋,,せ
可燃ごみ,セロハンテープの芯,,せ
可燃ごみ,洗剤の箱（粉石鹸等）,,せ
プラ容器,洗剤の容器（液体洗剤等）,中を空にし、洗う。,せ
収集できません,洗濯機,詳細は、「収集できないごみ」をご覧ください。,せ
プラ容器,洗濯のりの容器,中を空にし、洗う。,せ
プラ容器,洗濯のりの容器のキャップ,,せ
不燃ごみ,栓抜き,,せ
不燃ごみ・粗大ごみ,扇風機,,せ
プラ容器,せんべいの仕切り用トレイ,,せ
プラ容器,せんべいの袋,中は空にする。,せ
不燃ごみ,造花,,そ
不燃ごみ,双眼鏡,,そ
可燃ごみ,ぞうきん,,そ
不燃ごみ・粗大ごみ,掃除機,指定袋に入る物は不燃ごみへ。,そ
可燃ごみ,掃除機用ごみパック,,そ
プラ容器,ソースの容器,中を空にし、洗う。,そ
プラ容器,ソースの容器のふた,,そ
不燃ごみ・粗大ごみ,ソファー,,そ
有害ごみ,体温計（水銀使用）,市が指定する回収場所へ。,た
不燃ごみ,体温計（電子式）,ボタン電池は購入店へ。,た
プラ容器,台紙（プラスチック製）,商品の保護・固定用,た
不燃ごみ,体重計,指定袋に入らない物は粗大ごみへ。,た
不燃ごみ,耐熱ガラス,あきビンには出さない。,た
不燃ごみ・粗大ごみ,タイヤ,外径76cm以内。,た
不燃ごみ・粗大ごみ,タイヤチェーン,,た
収集できません,タイル,,た
不燃ごみ,ダウンジャケット,,た
不燃ごみ・粗大ごみ,タオルケット,,た
可燃ごみ,竹,50cm以内に切ってひもで束にする。,た
不燃ごみ・粗大ごみ,畳,,た
不燃ごみ,脱酸素剤（菓子などに入っている物）,,た
可燃ごみ,タバコの吸い殻,,た
紙・布類,タバコの箱,詳細は「古紙」をご覧ください。,た
プラ容器,タバコの箱の外装フィルム,,た
可燃ごみ,卵の殻,,た
可燃ごみ,卵のパック（紙製）,,た
プラ容器,卵のパック（プラスチック製）,,た
プラ容器,タマネギを入れた網・ネット,,た
不燃ごみ・粗大ごみ,たんす,,た
不燃ごみ・粗大ごみ,ダンベル,大きさ・重さに関係なく粗大ごみへ。,た
紙・布類,ダンボール,詳細は「古紙」をご覧ください。,た
可燃ごみ,茶殻,,ち
あき缶・プラ容器,茶葉の缶,中は空にする。,ち
不燃ごみ,茶碗,割れた物は紙等で包み「危険」と書く。,ち
あき缶・プラ容器,中華鍋,指定袋に入らない物は粗大ごみへ。,ち
不燃ごみ・粗大ごみ,チューナー,指定袋に入る物は不燃ごみへ。,ち
不燃ごみ,彫刻刀,刃の部分を紙等で包み「危険」と書く。,ち
あき缶・プラ容器,調味料の容器（金属製）,中を空にし、洗う。,ち
あきビン・ペットボトル,調味料の容器（ビン）,キャップを取る。中を洗う。3色に分ける。,ち
プラ容器,調味料の（プラスチック製）,中を空にし、洗う。,ち
紙・布類,チラシ（新聞折込）,市によって出し方が異なる場合があります。詳細は、市にお問い合わせください。,ち
不燃ごみ・粗大ごみ,ついたて,,つ
不燃ごみ・粗大ごみ,杖,指定袋に入る物で天然素材製は可燃ごみへ。天然素材以外のものは不燃ごみへ。,つ
不燃ごみ,使い捨てカイロ,,つ
収集できません,使い捨てカメラ,購入店へ。,つ
不燃ごみ・粗大ごみ,机,,つ
収集できません,漬物石,,つ
不燃ごみ,漬物石（プラスチック製）,中身を除く。（中身がコンクリートの物で除けない場合は収集できません。,つ
不燃ごみ・粗大ごみ,漬物樽,,つ
プラ容器,漬物袋,中を空にし、洗う。,つ
収集できません,土,,つ
不燃ごみ・粗大ごみ,つっぱり棒,指定袋に入る物は不燃ごみへ。,つ
可燃ごみ,つなぎ（作業服）,,つ
可燃ごみ,つまようじ（木製）,,つ
不燃ごみ,つまようじ（プラスチック製）,,つ
可燃ごみ,積み木（木製）,指定袋に入らなものは粗大ごみへ。,つ
不燃ごみ,積み木（プラスチック製）,指定袋に入らなものは粗大ごみへ。,つ
プラ容器,詰め替えパック（プラスチック製）,中を空にし、洗う。,つ
不燃ごみ,爪切り,,つ
不燃ごみ・粗大ごみ,釣り竿,指定袋に入る物で天然素材製は可燃ごみへ。天然素材以外のものは不燃ごみへ。,つ
不燃ごみ・粗大ごみ,ツルハシ,,つ
紙・布類,Tシャツ,市によって出し方が違います。詳細は「古市」をご覧ください。,て
不燃ごみ,DVD,,て
不燃ごみ・粗大ごみ,DVDプレーヤー,指定袋に入る物は不燃ごみへ。,て
不燃ごみ,T字剃刀の刃,紙等で包み「危険」と書く。,て
可燃ごみ,ティッシュペーパー,,て
プラ容器,ティッシュペーパー等の集積包装,,て
プラ容器,ティッシュボックス（紙箱）取出口のフィルム,,て
不燃ごみ,テープ（カセット・ビデオ・８ミリ）,,て
可燃ごみ,テープ（接着用）（紙製・布製）,,て
不燃ごみ,テープ（接着用）（紙製・布製以外）,,て
不燃ごみ,テープカッター,,て
不燃ごみ・粗大ごみ,テーブル,,て
不燃ごみ,テーブルタップ（たこ足）,ケーブル部分は30cm以内に切る。,て
不燃ごみ,テープレコーダー,指定袋に入らない物は粗大ごみへ。,て
不燃ごみ,手鏡,割れた物は、紙等で包み「危険」と書く。,て
可燃ごみ,手紙,,て
不燃ごみ,デジタルカメラ,乾電池は有害ごみへ。バッテリーは購入店へ。市によって出し方が異なる場合があります。詳細は市にお問い合わせください。,て
可燃ごみ,手帳,ビニールコーティングされている場合は不燃ごみへ。,て
不燃ごみ・粗大ごみ,鉄アレイ,大きさ・重さに関係なく粗大ごみへ。,て
不燃ごみ,鉄琴,指定袋に入らない物は粗大ごみへ。,て
不燃ごみ,テニスボール,,て
あき缶・プラ容器,テニスボールケース（金属製）,プラスチック製のキャップはプラ容器へ。,て
プラ容器,テニスボールケース（プラスチック製）,,て
可燃ごみ,手袋（布・毛糸）,布・毛糸製以外は不燃ごみへ。,て
収集できません,テレビ,詳細は「収集できないごみ」をご覧ください。,て
不燃ごみ,テレビゲーム機,市によって出し方が異なる場合があります。詳細は、市にお問い合わせください。,て
不燃ごみ・粗大ごみ,テレビ台,,て
不燃ごみ,テレフォンカード,,て
プラ容器,電化製品の緩衝材（発泡スチロール）,,て
不燃ごみ・粗大ごみ,電気カーペット,しばって出す。,て
不燃ごみ・粗大ごみ,電気カーペットの上掛け,しばって出す。,て
不燃ごみ,電気コード,30cm以内に切る。,て
プラ容器,電気コードの包装パック,台紙は「雑がみ」へ。,て
不燃ごみ・粗大ごみ,電気コタツ,,て
不燃ごみ,電気ひげ剃り,乾電池は有害ごみへ。,て
不燃ごみ,電気ポッド,,て
不燃ごみ・粗大ごみ,電気毛布,しばって出す。,て
不燃ごみ,電球,,て
不燃ごみ・粗大ごみ,電磁調理器,指定袋に入る物は不燃ごみへ。,て
不燃ごみ,電子手帳,乾電池は有害ごみへ。ボタン電池は購入店へ。市によって出し方が異なる場合があります。詳細は市にお問い合わせください。,て
不燃ごみ・粗大ごみ,電子ピアノ,,て
不燃ごみ・粗大ごみ,電子レンジ,,て
不燃ごみ,電卓,市によって出し方が異なる場合があります。詳細は市にお問い合わせください。,て
プラ容器,電卓（計算機）の包装パック,台紙は「雑がみ」へ。,て
不燃ごみ・粗大ごみ,テント,,て
可燃ごみ,てんぷら油,布や紙にしみこませ、固形剤で固め紙に包んで出す。,て
不燃ごみ,てんぷらガード,,て
あき缶・プラ容器,てんぷら鍋,指定袋に入らない物は粗大ごみへ。,て
不燃ごみ,電話機,指定袋に入らない物は粗大ごみへ。,て
不燃ごみ・粗大ごみ,電話台,,て
紙・布類,電話帳,詳細は「古紙」をご覧ください。,て
不燃ごみ・粗大ごみ,ドア,,と
不燃ごみ,ドアノブ,,と
収集できません,砥石,,と
紙・布類,トイレットペーパーの芯,詳細は「古紙」をご覧ください。,と
プラ容器,トイレットペーパー等の集積包装,,と
プラ容器,トイレ洗剤の容器,中は空にし、洗う。,と
不燃ごみ,トイレブラシ,,と
不燃ごみ,道具箱,指定袋に入らない物は粗大ごみへ。,と
可燃ごみ,道具袋（天然素材製）,,と
不燃ごみ,道具袋（天然素材以外),,と
不燃ごみ,投光器,指定袋に入らない物は粗大ごみへ。,と
不燃ごみ,陶磁器,あきビンには出さない。割れたときは、紙などで包み「危険」と書く。,と
プラ容器,豆腐のパック,,と
プラ容器,豆腐のパックのふた,,と
不燃ごみ,トースター,指定袋に入らない物は粗大ごみへ。,と
不燃ごみ,時計,指定袋に入らない物は粗大ごみへ。乾電池は有害ごみへ。,と
不燃ごみ・粗大ごみ,トタン板,しばって出す。,と
不燃ごみ,徳利,あきビンには出さない。,と
不燃ごみ,土鍋,指定袋に入らない物は粗大ごみへ。,と
不燃ごみ,土瓶,あきビンには出さない。,と
不燃ごみ,ドライバー,,と
不燃ごみ,ドライヤー,,と
不燃ごみ・粗大ごみ,ドラム（楽器）,,と
不燃ごみ・粗大ごみ,ドラム（トリコロール）,コードは30cm以内に切って不燃ごみへ。,と
不燃ごみ,トランシーバー,乾電池は有害ごみへ。,と
不燃ごみ・粗大ごみ,トランペット,指定袋に入る物は不燃ごみへ。,と
不燃ごみ・粗大ごみ,鳥かご,指定袋に入る物で天然素材製は可燃ごみへ。天然素材製以外のものは不燃ごみへ。,と
不燃ごみ,ドリッパー（コーヒーメーカー）,指定袋に入らない物は粗大ごみへ。,と
可燃ごみ,ドリップ用フィルター,,と
収集できません,塗料,,と
あき缶・プラ容器,塗料の容器（金属製）,中は空にする。スプレー缶は穴を開ける。,と
不燃ごみ,塗料の容器（ビン）,中は空にする。あきビンには出さない。,と
不燃ごみ,ドリル,指定袋に入らない物は粗大ごみへ。,と
不燃ごみ,ドリルの刃,紙などで包み「危険」と書く。,と
あきビン・ペットボトル,ドリンクビン,キャップを取る。中を洗う。3色に分ける。,と
プラ容器,トレイ（発泡スチロール）,,と
紙・布類,トレーナー,市によって出し方が違います。詳細は「古布」をご覧ください。,と
,ドレッサー（鏡台）,,と
あきビン・ペットボトル,ドレッシングの容器（ビン）,キャップを取る。中を洗う。3色に分ける。,と
プラ容器,ドレッシングの容器（プラスチック製）,中を空にし、洗う。,と
あきビン・ペットボトル,ドレッシングの容器（ノンオイル・PET製）,キャップを取る。中を洗う。ラベルをはがす。つぶす。,と
不燃ごみ,トロフィー,指定袋に入らない物は粗大ごみへ。,と
不燃ごみ・粗大ごみ,トロンボーン,,と
不燃ごみ,どんぶり,割れた物は、紙などで包み「危険」と書く。,と
不燃ごみ,ナイフ,,な
プラ容器,苗木ポット（軟質プラ製）,刃の部分を紙等で包み「危険」と書く。,な
プラ容器,苗用ポット（軟質プラ製）,土は取り除く。,な
不燃ごみ,長靴,土は取り除く。,な
不燃ごみ・粗大ごみ,流し台,人工大理石は除く。,な
不燃ごみ,鉈（なた）,刃の部分を紙等で包み「危険」と書く。,な
プラ容器,納豆のパック,中を空にし、洗う。,な
あき缶・プラ容器,鍋（金属製）（鉄・アルミ・ホーロー等）,指定袋に入らない物は粗大ごみへ。,な
不燃ごみ,鍋（金属製以外）,指定袋に入らない物は粗大ごみへ。,な
可燃ごみ,鍋敷き（天然素材製）,,な
不燃ごみ,鍋敷き（天然素材製以外）,,な
可燃ごみ,鍋つかみ（天然素材製）,,な
不燃ごみ,鍋つかみ（天然素材製以外）,,な
可燃ごみ,生ごみ,水分を切る。,な
不燃ごみ,縄（天然素材製）,30cm以内に切る。,な
不燃ごみ,縄（天然素材製以外）,30cm以内に切る。,な
不燃ごみ,肉たたき（金属製）,木製は可燃ごみへ。,に
あき缶・プラ容器,ニスの容器（金属製）,中は空にする。スプレー缶は穴を開ける。,に
不燃ごみ,ニスの容器（ビン）,中は空にする。あきビンには出さない。,に
不燃ごみ,ニッパー,,に
可燃ごみ,乳酸飲料の容器（紙製）,,に
プラ容器,乳酸飲料の容器（プラスチック製）,中を空にし、洗う。,に
可燃ごみ,人形（紙・布・・木製）,指定袋に入らない物は粗大ごみへ。,に
不燃ごみ,人形（紙・布・・木製以外）,指定袋に入らない物は粗大ごみへ。,に
不燃ごみ・粗大ごみ,人形ケース,,に
可燃ごみ,ぬいぐるみ（天然素材製）,指定袋に入らない物は粗大ごみへ。,ぬ
不燃ごみ,ぬいぐるみ（天然素材製以外）,指定袋に入らない物は粗大ごみへ。,ぬ
不燃ごみ,縫い針,安全の為、紙等で包み「危険」と書く。,ぬ
可燃ごみ,ネクタイ（天然素材製）,,ね
不燃ごみ,ネクタイ（天然素材製以外）,,ね
不燃ごみ,ネジ,,ね
不燃ごみ,ねずみ捕り,,ね
不燃ごみ,ネット,30cm以内に切る。,ね
不燃ごみ・粗大ごみ,ネット支柱,,ね
不燃ごみ・粗大ごみ,寝袋,指定袋に入る物で天然素材製は可燃ごみへ。天然素材以外は不燃ごみへ。,ね
プラ容器,ねりからしの容器,中を空にし、洗う。,ね
プラ容器,ねりわさびの容器,中を空にし、洗う。,ね
収集できません,粘土（陶芸用）,紙粘土は可燃ごみへ。油粘土は不燃ごみへ。,ね
不燃ごみ・粗大ごみ,農機具,,の
収集できません,農業用ビニール,,の
収集できません,農薬,購入店または産業廃棄物収集業者,の
不燃ごみ,農薬の容器（ビン・プラスチック等）,あきビンやプラ容器には出さない。中を空にし、洗う。,の
紙・布類,ノート,詳細は「古紙」をご覧ください。,の
収集できません,ノートパソコン,詳細は「収集できないごみ」をご覧ください。,の
不燃ごみ,のこぎり,安全の為、紙等で包み「危険」と書く。,の
不燃ごみ,ノミ,安全の為、紙等で包み「危険」と書く。,の
あきビン・ペットボトル,海苔佃煮の容器（ビン）,キャップを取る。中を洗う。3色に分ける。,の
プラ容器,海苔佃煮の容器（プラスチック製）,中を空にし、洗う。,の
プラ容器,のり（食用）の仕切りトレイ,,の
あき缶・プラ容器,糊の容器（金属製）,中は空にする。穴をあける。キャップはプラ容器へ。,の
プラ容器,糊の容器（プラスチック製）,中を空にし、洗う。,の
不燃ごみ・粗大ごみ,バーベキューコンロ,燃料は取り外す。,は
不燃ごみ,ハーモニカ,,は
不燃ごみ・粗大ごみ,バール,指定袋に入る物は不燃ごみへ。安全のため、紙などで包み「危険」と書く。,は
収集できません,灰,,は
収集できません,バイク,詳細は「収集できないごみ」をご覧ください。,は
不燃ごみ,灰皿,,は
不燃ごみ・粗大ごみ,パイプ椅子,,は
不燃ごみ・粗大ごみ,廃木材,市によって出し方が異なる場合があります。詳細は市にお問い合わせください。,は
収集できません,廃油（食用油は除く）,,は
不燃ごみ,バインダー,紙の部分は可燃ごみへ。,は
不燃ごみ,ハエたたき,,は
可燃ごみ,はがき,,は
不燃ごみ,はがきの印刷機,指定袋に入らない物は粗大ごみへ。,は
不燃ごみ,はかり,指定袋に入らない物は粗大ごみへ。,は
可燃ごみ,刷毛（はけ）（天然素材製）,,は
不燃ごみ,刷毛（はけ）（天然素材製以外）,,は
不燃ごみ,バケツ,指定袋に入らない物は粗大ごみへ。,は
不燃ごみ,ハサミ,先の部分を紙等で包み「危険」と書く。,は
可燃ごみ,はし（天然素材製）,,は
不燃ごみ,はし（天然素材製以外）,,は
不燃ごみ・粗大ごみ,はしご,,は
紙・布類,パジャマ,市によって出し方が違います。詳細は「古布」をご覧ください。,は
不燃ごみ・粗大ごみ,バスケットゴール,,は
紙・布類,バスタオル,市によって出し方が違います。詳細は「古布」をご覧ください。,は
収集できません,パソコン,詳細は「収集できないごみ」をご覧ください。,は
不燃ごみ,パソコン周辺機器,指定袋に入らない物は粗大ごみへ。,は
プラ容器,バター・マーガリンの容器,中を空にし、洗う。,は
可燃ごみ,はたき（天然素材製）,,は
不燃ごみ,はたき（天然素材製以外）,,は
不燃ごみ,鉢（はち）,指定袋に入らない物は粗大ごみへ。,は
収集できません,パチスロ台,,は
収集できません,パチンコ台,,は
収集できません,発煙筒,使用済みの物は、不燃ごみへ。,は
プラ容器,パック等を覆ったラップフィルム,,は
収集できません,バッテリー,購入店へ。,は
不燃ごみ,バッテリー充電器,,は
不燃ごみ・粗大ごみ,発電機,燃料・オイル等は抜く。,は
不燃ごみ・粗大ごみ,バット,,は
プラ容器,発泡スチロール製容器,,は
収集できません,花火,使い切った後ならば、可燃ごみへ。,は
プラ容器,花火の外袋,,は
不燃ごみ・粗大ごみ,パネルヒーター,,は
不燃ごみ,歯ブラシ,,は
プラ容器,歯ブラシ等の入った容器,,は
プラ容器,歯磨き粉のチューブ,中を空にし、洗う。,は
プラ容器,歯磨き粉のチューブのキャップ,,は
プラ容器,ハム等の袋,中は空にする。,は
不燃ごみ,針,安全のため、紙等で包み「危険」と書く。,は
不燃ごみ,針金,30cm以内に切る。,は
可燃ごみ,ハンガー（天然素材製）,,は
不燃ごみ,ハンガー（天然素材製以外）,,は
不燃ごみ・粗大ごみ,ハンガーラック,,は
紙・布類,ハンカチ,市によって出し方が違います。詳細は「古布」をご覧ください。,は
あき缶・プラ容器,飯盒（はんごう）,,は
不燃ごみ,半田ごて,,は
可燃ごみ,半纏（はんてん）,,は
あき缶・プラ容器,ハンドクリームの容器（缶）,中は空にする。,は
不燃ごみ,ハンドクリームの容器（ビン）,中は空にする。あきビンには出さない。,は
プラ容器,ハンドクリームの容器（プラスチック製）,中は空にする。,は
プラ容器,パンの袋,中は空にする。,は
不燃ごみ,ハンマー,指定袋に入らない物は粗大ごみへ。,は
収集できません,ピアノ,購入店へご相談ください。,ひ
不燃ごみ,ビー玉,,ひ
不燃ごみ,ビーチサンダル,,ひ
不燃ごみ・粗大ごみ,ビーチパラソル,,ひ
収集できません,ビールケース,購入店へご相談ください。,ひ
あきビン・ペットボトル,ビールビン,キャップを取る。中を洗う。3色に分ける。（なるべく購入店へ返却してください。）,ひ
不燃ごみ,ひげそりの刃,紙等で包み「危険」と書く。,ひ
可燃ごみ,ひしゃく（天然素材製）,,ひ
不燃ごみ,ひしゃく（天然素材製以外）,,ひ
不燃ごみ,ビデオカメラ,市によって出し方が違います。詳細は市にお問い合わせください。,ひ
不燃ごみ,ビデオテープ・ケース,,ひ
不燃ごみ・粗大ごみ,ビデオデッキ,指定袋に入る物は不燃ごみへ。,ひ
不燃ごみ,ビニールテープ,30cm以内に切る。,ひ
不燃ごみ,ビニール手袋,,ひ
収集できません,ビニールハウスのビニール,農業用ビニールは農協等、購入店にご相談ください。,ひ
不燃ごみ・粗大ごみ,ビニールハウスの骨組み,市によって出し方が違います。詳細は市にお問い合わせください。,ひ
不燃ごみ・粗大ごみ,火鉢,灰は取り除く。,ひ
プラ容器,肥料袋,中は空にする。家庭用に限る。,ひ
可燃ごみ,ファーストフードの持ち帰り容器（紙製）,,ふ
プラ容器,ファーストフードの持ち帰り容器（プラスチック製）,中を空にし、洗う。,ふ
不燃ごみ,ファイル,,ふ
不燃ごみ・粗大ごみ,ファックス（家庭用）,指定袋に入る物は不燃ごみへ。,ふ
不燃ごみ,ファンシーケース,指定袋に入らない物は粗大ごみへ。,ふ
不燃ごみ・粗大ごみ,ファンヒーター,燃料を抜く。,ふ
不燃ごみ,フィルム（ネガ）,,ふ
プラ容器,フィルムのケース,,ふ
不燃ごみ,ブースターケーブル（自動車用）,30cm以内に切る。,ふ
紙・布類,封筒類,窓のついた封筒は可燃ごみへ。詳細は「古紙」をご覧ください。,ふ
可燃ごみ,笛（天然素材製）,,ふ
不燃ごみ,笛（天然素材製以外）,,ふ
不燃ごみ・粗大ごみ,フェンス,指定袋に入る物は不燃ごみへ。,ふ
可燃ごみ,フォーク（食器）（天然素材製）,,ふ
不燃ごみ,フォーク（食器）（天然素材製以外）,,ふ
不燃ごみ・粗大ごみ,ふすま,,ふ
可燃ごみ,筆（天然素材製）,,ふ
不燃ごみ,筆（天然素材製以外）,,ふ
可燃ごみ,筆箱（天然素材製）,,ふ
不燃ごみ,筆箱（天然素材製以外）,,ふ
不燃ごみ・粗大ごみ,ふとん,しばって出す。,ふ
不燃ごみ・粗大ごみ,ふとん乾燥機,指定袋に入る物は不燃ごみへ。,ふ
不燃ごみ・粗大ごみ,踏み台,指定袋に入る物は不燃ごみへ。,ふ
あき缶・プラ容器,フライパン,,ふ
不燃ごみ・粗大ごみ,ブラインド,しばって出す。,ふ
プラ容器,プラスチック（包装）フィルム,,ふ
不燃ごみ,プラモデル,,ふ
不燃ごみ,プラモデルの型枠,,ふ
不燃ごみ・粗大ごみ,ブランコ（幼児用）,,ふ
不燃ごみ,プランタ,指定袋に入らない物は粗大ごみへ。,ふ
紙・布類,フリース（衣類）,市によって出し方が違います。詳細は「古布」をご覧ください。,ふ
不燃ごみ・粗大ごみ,プリンタ,指定袋に入る物は不燃ごみへ。,ふ
プラ容器,プリンの外包装フィルム,,ふ
プラ容器,プリンのふた（プラマークのある物）,洗う。プラマークのない物は不燃ごみへ。,ふ
プラ容器,プリンの容器,中を空にし、洗う。,ふ
不燃ごみ,ブルーシート,はがき大に切って出す。,ふ
可燃ごみ,風呂いす（木製）,指定袋に入らない物は粗大ごみへ。,ふ
不燃ごみ,風呂いす（プラスチック製）,指定袋に入らない物は粗大ごみへ。,ふ
プラ容器,風呂敷（ビニール）,商品を包んでいない物は,ふ
不燃ごみ,フロッピーディスク,,ふ
不燃ごみ・粗大ごみ,風呂のふた,,ふ
不燃ごみ・粗大ごみ,風呂のマット,,ふ
不燃ごみ,文鎮,,ふ
不燃ごみ・粗大ごみ,噴霧器,指定袋に入る物は不燃ごみへ。,ふ
あき缶・プラ容器,ヘアスプレー,中は空にする。穴を開ける。,へ
プラ容器,ヘアスプレーのキャップ,,へ
不燃ごみ,ヘアピン,,へ
不燃ごみ・粗大ごみ,ベッド,,へ
可燃ごみ,ペットフードの袋（紙製）,,へ
プラ容器,ペットフードの袋（プラスチック製）,,へ
あきビン・ペットボトル,ペットボトル,キャップを取る。中を洗う。ラベルをはがす。つぶす。,へ
プラ容器,ペットボトルのふた,,へ
不燃ごみ,ヘッドホン,,へ
可燃ごみ,ベニヤ板,指定袋に入らない物は粗大ごみへ。,へ
プラ容器,ベビーオイルの容器,中を空にし、洗う。,へ
不燃ごみ・粗大ごみ,ベビーカー,,へ
不燃ごみ・粗大ごみ,ベビーチェア,,へ
不燃ごみ・粗大ごみ,ベビーバス,,へ
不燃ごみ・粗大ごみ,ベビーベッド,,へ
不燃ごみ,ベルト,,へ
不燃ごみ,ヘルメット,,へ
あき缶・プラ容器,ペンキの容器（金属製）,中は空にする。,へ
不燃ごみ・粗大ごみ,便座,,へ
プラ容器,弁当の容器（プラスチック製）,中を空にし、洗う。,へ
プラ容器,弁当の容器（コンビニ等）の外包装フィルム,,へ
あき缶・プラ容器,弁当箱（金属製）,,へ
可燃ごみ,弁当箱（天然素材製）,,へ
不燃ごみ,弁当箱（プラスチック製）,,へ
不燃ごみ・粗大ごみ,ホイル（タイヤ）,,ほ
不燃ごみ,望遠鏡,指定袋に入らない物は粗大ごみへ。,ほ
可燃ごみ,ほうき（天然素材製）,指定袋に入らない物は粗大ごみへ。,ほ
不燃ごみ,ほうき（天然素材製以外）,指定袋に入らない物は粗大ごみへ。,ほ
プラ容器,芳香剤の容器,中を空にし、洗う。,ほ
紙・布類,帽子,市によって出し方が違います。詳細は「古布」をご覧ください。,ほ
あき缶・プラ容器,防水スプレーの容器,指定袋に入らない物は粗大ごみへ。,ほ
不燃ごみ,宝石箱（金属・プラスチック製）,指定袋に入らない物は粗大ごみへ。,ほ
可燃ごみ,宝石箱（木製）,,ほ
可燃ごみ,包帯,紙等で包み「危険」と書く。,ほ
不燃ごみ,包丁,,ほ
不燃ごみ,包丁研ぎ器,30cm以内に切る。切れない物は粗大ごみへ。,ほ
不燃ごみ,ホース,,ほ
不燃ごみ・粗大ごみ,ホースリール,購入したボーリング場にご相談ください。,ほ
収集できません,ボーリング玉,,ほ
不燃ごみ,ボール（スポーツ用品）,,ほ
不燃ごみ,ボールペン,,ほ
プラ容器,ボールペンの包装パック,,ほ
あき缶・プラ容器,ホーロー鍋,,ほ
収集できません,保温材（建材）,,ほ
プラ容器,墨汁の容器,中を空にし、洗う。,ほ
プラ容器,ポケットティッシュの外袋,,ほ
プラ容器,ポケットティッシュの包装材,,ほ
不燃ごみ・粗大ごみ,歩行器,,ほ
可燃ごみ,ボタン（天然素材製）,,ほ
不燃ごみ,ボタン（天然素材製以外）,,ほ
不燃ごみ,ホッチキス,,ほ
不燃ごみ,ポット,指定袋に入らない物は粗大ごみへ。,ほ
不燃ごみ・粗大ごみ,ホットカーペット,しばって出す。,ほ
不燃ごみ・粗大ごみ,ホットプレート,,ほ
プラ容器,ポテトチップスの缶内の中袋,中は空にする。,ほ
プラ容器,ポテトチップス等の紙缶のふた,,ほ
プラ容器,ポテトチップスの袋,中は空にする。,ほ
不燃ごみ,ほ乳ビン,耐熱ガラスのため、あきビンには出さない。,ほ
不燃ごみ,ポラロイドカメラ,,ほ
不燃ごみ,ポリタンク,中は空にする。,ほ
不燃ごみ,ポリプロピレンバンド,30cm以内に切る。,ほ
あき缶・プラ容器,ボルト・ナット・ワッシャー,,ほ
不燃ごみ・粗大ごみ,保冷庫,市にお問い合わせください。場合によっては収集できない場合もあります。,ほ
不燃ごみ,保冷剤,,ほ
紙・布類,本,詳細は「古紙」をご覧ください。,ほ
不燃ごみ・粗大ごみ,本立て・本棚,指定袋に入る物で木製の物は可燃ごみへ。木製以外は不燃ごみへ。,ほ
不燃ごみ,ボンドの容器（金属製）,中は空にする。,ほ
プラ容器,ボンドの容器（プラスチック製）,中は空にする。,ほ
不燃ごみ,マーカーペン,,ま
紙・布類,マーガリンの外箱（紙製）,詳細は「古紙」をご覧ください。,ま
プラ容器,マーガリンの容器,中を空にし、洗う。,ま
不燃ごみ,マイク,,ま
不燃ごみ,マウス,,ま
不燃ごみ,マウスパッド,,ま
不燃ごみ,巻き尺,30cm以内に切る。,ま
不燃ごみ,マグカップ,,ま
不燃ごみ,マグネット,,ま
可燃ごみ,まくら（天然素材製）,指定袋に入らない物は粗大ごみへ。,ま
不燃ごみ,まくら（天然素材製以外）,指定袋に入らない物は粗大ごみへ。,ま
不燃ごみ,マジックペン,,ま
可燃ごみ,マスク,,ま
不燃ごみ,マッサージ器,指定袋に入らない物は粗大ごみへ。,ま
可燃ごみ,マッチ箱,,ま
不燃ごみ・粗大ごみ,マット・マットレス,しばって出す。,ま
不燃ごみ・粗大ごみ,窓ガラス,割れた物は、安全のため紙等で包み「危険」と書く。,ま
可燃ごみ,まな板（木製）,,ま
不燃ごみ,まな板（プラスチック製）,,ま
不燃ごみ,マニキュアの容器,中は空にする。,ま
不燃ごみ・粗大ごみ,マネキン（プラスチック製）,,ま
不燃ごみ,豆電球,,ま
プラ容器,マヨネーズのキャップ,,ま
プラ容器,マヨネーズの外袋,,ま
プラ容器,マヨネーズのチューブ,中は空にし、洗う。,ま
あきビン・ペットボトル,マヨネーズの容器（ビン）,キャップを取る。中を洗う。3色に分ける。,ま
不燃ごみ,マラカス,,ま
不燃ごみ・粗大ごみ,丸太,市によって出し方が異なる場合があります。詳細は市にお問い合わせください。,ま
紙・布類,マンガ本,詳細は「古紙」をご覧ください。,ま
不燃ごみ,万年筆,,ま
不燃ごみ,万歩計,ボタン電池は購入店へ。,ま
プラ容器,みかん等を入れたポリ袋,,み
プラ容器,みかんの入ったネット袋,,み
不燃ごみ,ミキサー,,み
不燃ごみ・粗大ごみ,ミシン（足踏み）,,み
不燃ごみ,ミシン（電動）,指定袋に入らない物は粗大ごみへ。,み
可燃ごみ,ミシン糸,,み
不燃ごみ,ミシン糸の糸巻き（プラスチック製）,,み
可燃ごみ,ミシン糸の糸巻き（木製）,,み
不燃ごみ,水差し,,み
不燃ごみ,水枕,中は空にする。,み
プラ容器,みその容器,中は空にし、洗う。,み
不燃ごみ,ミット（スポーツ用）,,み
不燃ごみ,密封ビン,,み
不燃ごみ,ミニカー,,み
可燃ごみ,耳かき（天然素材製）,,み
不燃ごみ,耳かき（天然素材製以外）,,み
あき缶・プラ容器,ミルク缶,中を空にし、洗う。,み
あき缶・プラ容器,ムースの容器（スプレー缶）,中は空にする。穴は開ける。,む
可燃ごみ,虫かご（天然素材製）,指定袋に入らない物は粗大ごみへ。,む
不燃ごみ,虫かご（天然素材製以外）,指定袋に入らない物は粗大ごみへ。,む
あき缶・プラ容器,蒸し器（金属製）,,む
可燃ごみ,蒸し器（木製）,,む
不燃ごみ,虫捕り網,天然素材製の柄は分けて可燃ごみへ。,む
不燃ごみ,虫ピン,紙等で包み「危険」と書く。,む
不燃ごみ,虫めがね,,む
不燃ごみ・粗大ごみ,むしろ,しばって出す。,む
不燃ごみ,無線機,乾電池は有害ごみへ。指定袋に入らない物は粗大ごみへ。アンテナは3m以内に切る。,む
可燃ごみ,名刺,,め
可燃ごみ,名刺入れ（天然素材製）,,め
不燃ごみ,名刺入れ（天然素材製以外）,,め
可燃ごみ,名刺が入っていたケース（紙製）,,め
プラ容器,名刺が入っていたケース（プラスチック製）,,め
不燃ごみ,メガネ,,め
不燃ごみ,メガネケース,,め
可燃ごみ,メガホン（紙製）,,め
不燃ごみ,メガホン（電気式）,乾電池は有害ごみへ。指定袋に入らない物は粗大ごみへ。,め
不燃ごみ,メガホン（プラスチック製）,,め
プラ容器,目薬の携帯用ケース,,め
プラ容器,目薬の容器,中は空にする。,め
不燃ごみ,目覚し時計,乾電池は有害ごみへ。,め
不燃ごみ,メジャー,30cm以内に切る。,め
紙・布類,綿パン,市によって出し方が違います。詳細は「古布」をご覧ください。,め
可燃ごみ,綿棒,,め
紙・布類,綿棒の容器（紙製）,,め
プラ容器,綿棒の容器（プラスチック製）,,め
不燃ごみ・粗大ごみ,毛布,しばって出す。,も
収集できません,燃えがら,,も
不燃ごみ,木ネジ,,も
可燃ごみ,木片（木くず）,長さ50cm、幅50cm、厚さ5cm以内に束ねて出す。,も
不燃ごみ・粗大ごみ,木片（廃木材）,市によって出し方が異なる場合があります。詳細は市にお問い合わせください。,も
不燃ごみ・粗大ごみ,餅つき機,,も
可燃ごみ,木琴（木製）,指定袋に入らない物は粗大ごみへ。,も
不燃ごみ,木琴（プラスチック製）,指定袋に入らない物は粗大ごみへ。,も
不燃ごみ・粗大ごみ,モップ,,も
収集できません,モニター（パソコン用）,詳しくは「収集できないごみ」をご覧ください。,も
不燃ごみ,物干し（室内用）,,も
不燃ごみ・粗大ごみ,物干し竿,,も
不燃ごみ・粗大ごみ,物干し台,,も
あき缶・プラ容器,やかん,,や
プラ容器,焼肉用たれ容器（プラスチック製）,中を空にし、洗う。,や
あきビン・ペットボトル,焼肉用たれ容器（ビン）,キャップを取る。中を洗う。3色に分ける。,や
プラ容器,焼き海苔の外袋,,や
不燃ごみ,焼き物（陶磁器類）,,や
不燃ごみ,野球ボール,,や
可燃ごみ,野菜くず,,や
プラ容器,野菜等の外装フィルム,,や
不燃ごみ,ヤスリ,,や
不燃ごみ,湯かき棒（プラスチック製）,,ゆ
可燃ごみ,湯かき棒（木製）,,ゆ
紙・布類,浴衣,市によって出し方が違います。詳細は「古布」をご覧ください。,ゆ
あき缶・プラ容器,湯たんぽ（金属製）,,ゆ
不燃ごみ,湯たんぽ（プラスチック製）,,ゆ
不燃ごみ,湯のみ,,ゆ
不燃ごみ・粗大ごみ,湯沸かし器,乾電池は有害ごみへ。,ゆ
不燃ごみ,湯沸かしポット,,ゆ
あきビン・ペットボトル,容器（飲食用ビン）,キャップを取る。中を洗う。3色に分ける。,よ
紙・布類,容器（紙製）,汚れた物は可燃ごみへ。詳細は「古紙」をご覧ください。,よ
紙・布類,容器（紙パック）,内側にアルミ箔が貼られている物は、可燃ごみへ。市によって出し方が違います。詳細は「古紙」をご覧ください。,よ
あき缶・プラ容器,容器（金属製）,中は空にする。指定袋に入らない物は粗大ごみへ。,よ
あき缶・プラ容器,容器（スプレー缶）,中は空にする。穴を開ける。,よ
可燃ごみ,容器（天然素材製）（資源化できない物）,,よ
不燃ごみ,容器（陶磁器・ガラス製等）,ガラス製の物で飲食用の物はあきビンへ。,よ
プラ容器,容器（プラスチック製等）,中を空にし、洗う。,よ
収集できません,容器の中身（劇毒薬・危険物等）,,よ
可燃ごみ,容器の中身（食品等）,液体・流動体は紙・布に吸着させて可燃ごみへ。,よ
収集できません,容器の中身（塗料・オイル等）,,よ
不燃ごみ,洋裁ピン,安全のため、紙等で包み「危険」と書く。,よ
不燃ごみ・粗大ごみ,洋服ダンス,,よ
プラ容器,ヨーグルトの外包装フィルム,,よ
プラ容器,ヨーグルトのふた（プラマークのある物）,洗う。プラマークのない物は不燃ごみへ。,よ
あきビン・ペットボトル,ヨーグルトの容器（ビン）,キャップを取る。中を洗う。3色に分ける。,よ
プラ容器,ヨーグルトの容器（プラスチック製）,中を空にし、洗う。,よ
不燃ごみ・粗大ごみ,浴槽,強化プラスチック（FRP）製・石製の物は収集できません。,よ
不燃ごみ・粗大ごみ,浴槽のふた,,よ
不燃ごみ・粗大ごみ,よしず,,よ
不燃ごみ,ライサー（米びつ）,指定袋に入らない物は粗大ごみへ。,ら
不燃ごみ,ライター,燃料は使い切る。,ら
不燃ごみ,ライター用石,,ら
あき缶・プラ容器,ライター用オイル缶,中は空にする。,ら
あき缶・プラ容器,ライター用ガス容器,中は空にする。穴を開ける。,ら
不燃ごみ,ライト,乾電池は有害ごみへ。,ら
不燃ごみ・粗大ごみ,ラグマット,,ら
可燃ごみ,ラケット（木製）,指定袋に入らない物は粗大ごみへ。,ら
不燃ごみ,ラケット（木製以外）,指定袋に入らない物は粗大ごみへ。,ら
不燃ごみ,ラジオ・ラジカセ,乾電池は有害ごみへ。指定袋に入らない物は粗大ごみへ。,ら
不燃ごみ,ラジコン,乾電池は有害ごみへ。バッテリーは販売店へ。燃料は抜く。指定袋に入らない物は粗大ごみへ。,ら
あき缶・プラ容器,ラッカーの容器（スプレー缶）,中は空にする。穴は開ける。,ら
不燃ごみ・粗大ごみ,ラック,,ら
不燃ごみ,ラップ（家庭で使用したもの）,,ら
プラ容器,ラップ（お店で包装されたもの）,,ら
紙・布類,ラップの芯,詳細は「古紙」をご覧ください。,ら
紙・布類,ラップの箱,詳細は「古紙」をご覧ください。カッターは外して不燃ごみへ。,ら
不燃ごみ・粗大ごみ,ラティス,,ら
プラ容器,ラミネートチューブ,中は空にする。穴は開ける。,ら
不燃ごみ,ランタン,燃料は抜く。乾電池は有害ごみへ。,ら
不燃ごみ,ランチジャー（保温式弁当箱）,,ら
不燃ごみ,ランドセル,,ら
不燃ごみ,ランプ,燃料は抜く。乾電池は有害ごみへ。,ら
不燃ごみ,リール（釣り具）,釣り糸は30cm以内に切る。,り
不燃ごみ,リコーダー（笛）,,り
不燃ごみ,リズムマシーン,指定袋に入らない物は粗大ごみへ。,り
プラ容器,リップクリームの容器,中は空にする。,り
可燃ごみ,リボン（天然素材製）,,り
不燃ごみ,リボン（天然素材製以外）,,り
不燃ごみ,リボン（プリンター用）,,り
不燃ごみ,リモコン,乾電池は有害ごみへ。,り
不燃ごみ・粗大ごみ,リヤカー,市によって出し方が異なる場合があります。詳細は市にお問い合わせください。,り
可燃ごみ,リュックサック（布製）,,り
不燃ごみ,リュックサック（布製以外）,,り
あき缶・プラ容器,両手鍋（金属製）,,り
不燃ごみ,両手鍋（耐熱ガラス製）,,り
不燃ごみ,両面テープ,,り
プラ容器,りんごを包んだ外袋（プラスチック製）,,り
プラ容器,りんごを包んだ発泡スチロール製ネット,,り
プラ容器,リンスの容器,中を空にし、洗う。,り
紙・布類,ルーズリーフ,詳細は「古紙」をご覧ください。,る
不燃ごみ,ルーズリーフファイル,,る
不燃ごみ,ルーペ,,る
不燃ごみ・粗大ごみ,ルームランナー,,る
収集できません,冷蔵庫,詳細は「収集できないごみ」をご覧ください。,れ
プラ容器,冷蔵庫脱臭剤の容器,,れ
収集できません,冷蔵庫（冷凍機能のみの物）,詳細は「収集できないごみ」をご覧ください。,れ
プラ容器,冷凍食品の袋,,れ
不燃ごみ,冷凍保存パック,,れ
不燃ごみ・粗大ごみ,冷風機,,れ
不燃ごみ・粗大ごみ,レーキ,,れ
不燃ごみ,レコード盤,,れ
不燃ごみ・粗大ごみ,レコードプレーヤー,指定袋に入る物は不燃ごみへ。,れ
可燃ごみ,レシート,,れ
プラ容器,レジ袋,,れ
不燃ごみ,レジャーシート,はがき大に切って出す。,れ
プラ容器,レトルトパック,中を空にし、洗う。,れ
不燃ごみ,レモン絞り,,れ
収集できません,レンガ,,れ
不燃ごみ,レンゲ,,れ
不燃ごみ,レンジ（ガスレンジ）,乾電池は有害ごみへ。指定袋に入らない物は粗大ごみへ。,れ
不燃ごみ・粗大ごみ,レンジ台,,れ
不燃ごみ,レンズ,,れ
可燃ごみ,練炭,,れ
不燃ごみ,レンチ,,れ
可燃ごみ,ろう紙,,ろ
不燃ごみ,老眼鏡,,ろ
不燃ごみ・粗大ごみ,老人車（シルバーカー）,,ろ
可燃ごみ,ろうそく,,ろ
不燃ごみ,ローションのビン,中は空にする。あきビンには出さない。,ろ
可燃ごみ,ロープ（天然素材製）,30cm以内に切る。,ろ
不燃ごみ,ロープ（天然素材製以外）,30cm以内に切る。,ろ
不燃ごみ,ローラースケート,,ろ
可燃ごみ,ロールペーパー,,ろ
不燃ごみ,ロジンバック,,ろ
不燃ごみ・粗大ごみ,ロッカー,,ろ
不燃ごみ,ワープロ,指定袋に入らない物は粗大ごみへ。市によって出し方が異なる場合があります。詳細はお問い合わせください。,わ
プラ容器,ワープロインクリボンの個袋,,わ
不燃ごみ,ワープロリボン,,わ
紙・布類,ワイシャツ,市によって出し方が変わります。詳細は「古布」をご覧ください。,わ
プラ容器,ワイシャツの外装フィルム,,わ
不燃ごみ,輪ゴム,,わ
不燃ごみ・粗大ごみ,ワゴン,指定袋に入る物は不燃ごみへ。,わ
プラ容器,わさびのチューブ,中は空にして、洗う。,わ
可燃ごみ,綿,,わ
不燃ごみ・粗大ごみ,和ダンス,,わ
あき缶・プラ容器,ワッフルの容器（金属製）,中は空にする。,わ
可燃ごみ,ワッペン（天然素材製）,,わ
不燃ごみ,ワッペン（天然素材製以外）,,わ
可燃ごみ,わら製品（民芸品など）,,わ
可燃ごみ,割り箸,,わ
紙・布類,割り箸の外袋（紙製）,汚れているものは可燃ごみへ。,わ
プラ容器,割り箸の外袋（プラスチック製）,,わ
あきビン・ペットボトル,ワンカップの容器,キャップを取る。中を洗う。3色に分ける。,わ
可燃ごみ,椀（木製）,,わ
不燃ごみ,椀（木製以外）,,わ
